<annotation>
	<folder>images</folder>
	<filename>00003aeb-ace5-43bf-9a0c-dc31a03e9cd2.jpg</filename>
	<path>C:\Users\Justin\Desktop\images\00003aeb-ace5-43bf-9a0c-dc31a03e9cd2.jpg</path>
	<source>
		<database>Unknown</database>
	</source>
	<size>
		<width>400</width>
		<height>534</height>
		<depth>3</depth>
	</size>
	<segmented>0</segmented>
	<object>
		<name>shirt</name>
		<pose>Unspecified</pose>
		<truncated>1</truncated>
		<difficult>0</difficult>
		<bndbox>
			<xmin>9</xmin>
			<ymin>151</ymin>
			<xmax>400</xmax>
			<ymax>488</ymax>
		</bndbox>
	</object>
</annotation>
