<annotation>
	<folder>images</folder>
	<filename>002eb5b8-6541-42a3-9596-0d94f7b866ae.jpg</filename>
	<path>C:\Users\Justin\Desktop\images\002eb5b8-6541-42a3-9596-0d94f7b866ae.jpg</path>
	<source>
		<database>Unknown</database>
	</source>
	<size>
		<width>400</width>
		<height>480</height>
		<depth>3</depth>
	</size>
	<segmented>0</segmented>
	<object>
		<name>pants</name>
		<pose>Unspecified</pose>
		<truncated>0</truncated>
		<difficult>0</difficult>
		<bndbox>
			<xmin>95</xmin>
			<ymin>76</ymin>
			<xmax>300</xmax>
			<ymax>430</ymax>
		</bndbox>
	</object>
</annotation>
