<annotation>
	<folder>images</folder>
	<filename>005d3a4d-b8cc-4f14-a288-8065ab797974.jpg</filename>
	<path>C:\Users\Justin\Desktop\images\005d3a4d-b8cc-4f14-a288-8065ab797974.jpg</path>
	<source>
		<database>Unknown</database>
	</source>
	<size>
		<width>400</width>
		<height>533</height>
		<depth>3</depth>
	</size>
	<segmented>0</segmented>
	<object>
		<name>shirt</name>
		<pose>Unspecified</pose>
		<truncated>0</truncated>
		<difficult>0</difficult>
		<bndbox>
			<xmin>16</xmin>
			<ymin>113</ymin>
			<xmax>395</xmax>
			<ymax>507</ymax>
		</bndbox>
	</object>
</annotation>
