<annotation>
	<folder>images</folder>
	<filename>006a85bc-8a95-4cd3-8c8c-215b53753abe.jpg</filename>
	<path>C:\Users\Justin\Desktop\images\006a85bc-8a95-4cd3-8c8c-215b53753abe.jpg</path>
	<source>
		<database>Unknown</database>
	</source>
	<size>
		<width>400</width>
		<height>533</height>
		<depth>3</depth>
	</size>
	<segmented>0</segmented>
	<object>
		<name>shirt</name>
		<pose>Unspecified</pose>
		<truncated>1</truncated>
		<difficult>0</difficult>
		<bndbox>
			<xmin>8</xmin>
			<ymin>89</ymin>
			<xmax>400</xmax>
			<ymax>407</ymax>
		</bndbox>
	</object>
</annotation>
