<annotation>
	<folder>images</folder>
	<filename>06a5caaa-f9db-45a1-9bc1-e3e1c525a216.jpg</filename>
	<path>C:\Users\Justin\Desktop\images\06a5caaa-f9db-45a1-9bc1-e3e1c525a216.jpg</path>
	<source>
		<database>Unknown</database>
	</source>
	<size>
		<width>400</width>
		<height>533</height>
		<depth>3</depth>
	</size>
	<segmented>0</segmented>
	<object>
		<name>shirt</name>
		<pose>Unspecified</pose>
		<truncated>1</truncated>
		<difficult>0</difficult>
		<bndbox>
			<xmin>1</xmin>
			<ymin>128</ymin>
			<xmax>386</xmax>
			<ymax>475</ymax>
		</bndbox>
	</object>
</annotation>
