<annotation>
	<folder>images</folder>
	<filename>01b3083f-4387-4753-8ae2-a2470dc53f19.jpg</filename>
	<path>C:\Users\Justin\Desktop\images\01b3083f-4387-4753-8ae2-a2470dc53f19.jpg</path>
	<source>
		<database>Unknown</database>
	</source>
	<size>
		<width>400</width>
		<height>541</height>
		<depth>3</depth>
	</size>
	<segmented>0</segmented>
	<object>
		<name>shirt</name>
		<pose>Unspecified</pose>
		<truncated>0</truncated>
		<difficult>0</difficult>
		<bndbox>
			<xmin>25</xmin>
			<ymin>40</ymin>
			<xmax>375</xmax>
			<ymax>523</ymax>
		</bndbox>
	</object>
</annotation>
