<annotation>
	<folder>images</folder>
	<filename>02eb668a-0d6d-46df-8e1a-06457ac14b4a.jpg</filename>
	<path>C:\Users\Justin\Desktop\images\02eb668a-0d6d-46df-8e1a-06457ac14b4a.jpg</path>
	<source>
		<database>Unknown</database>
	</source>
	<size>
		<width>534</width>
		<height>400</height>
		<depth>3</depth>
	</size>
	<segmented>0</segmented>
	<object>
		<name>shirt</name>
		<pose>Unspecified</pose>
		<truncated>0</truncated>
		<difficult>0</difficult>
		<bndbox>
			<xmin>9</xmin>
			<ymin>43</ymin>
			<xmax>515</xmax>
			<ymax>384</ymax>
		</bndbox>
	</object>
</annotation>
