<annotation>
	<folder>images</folder>
	<filename>02ef828a-a7d5-4475-bf44-3907b3a977ff.jpg</filename>
	<path>C:\Users\Justin\Desktop\images\02ef828a-a7d5-4475-bf44-3907b3a977ff.jpg</path>
	<source>
		<database>Unknown</database>
	</source>
	<size>
		<width>400</width>
		<height>533</height>
		<depth>3</depth>
	</size>
	<segmented>0</segmented>
	<object>
		<name>shirt</name>
		<pose>Unspecified</pose>
		<truncated>1</truncated>
		<difficult>0</difficult>
		<bndbox>
			<xmin>39</xmin>
			<ymin>48</ymin>
			<xmax>400</xmax>
			<ymax>489</ymax>
		</bndbox>
	</object>
</annotation>
