<annotation>
	<folder>images</folder>
	<filename>03a59318-7ada-46a4-910f-da7cf4e2713b.jpg</filename>
	<path>C:\Users\Justin\Desktop\images\03a59318-7ada-46a4-910f-da7cf4e2713b.jpg</path>
	<source>
		<database>Unknown</database>
	</source>
	<size>
		<width>400</width>
		<height>534</height>
		<depth>3</depth>
	</size>
	<segmented>0</segmented>
	<object>
		<name>shirt</name>
		<pose>Unspecified</pose>
		<truncated>1</truncated>
		<difficult>0</difficult>
		<bndbox>
			<xmin>3</xmin>
			<ymin>6</ymin>
			<xmax>400</xmax>
			<ymax>509</ymax>
		</bndbox>
	</object>
</annotation>
