<annotation>
	<folder>images</folder>
	<filename>05d01bf9-6ff5-4c5e-b946-b4ca004a125b.jpg</filename>
	<path>C:\Users\Justin\Desktop\images\05d01bf9-6ff5-4c5e-b946-b4ca004a125b.jpg</path>
	<source>
		<database>Unknown</database>
	</source>
	<size>
		<width>400</width>
		<height>400</height>
		<depth>3</depth>
	</size>
	<segmented>0</segmented>
	<object>
		<name>shirt</name>
		<pose>Unspecified</pose>
		<truncated>0</truncated>
		<difficult>0</difficult>
		<bndbox>
			<xmin>7</xmin>
			<ymin>41</ymin>
			<xmax>377</xmax>
			<ymax>389</ymax>
		</bndbox>
	</object>
</annotation>
