<annotation>
	<folder>images</folder>
	<filename>06de9ebd-be39-4cc6-aea7-1d047ccf1a52.jpg</filename>
	<path>C:\Users\Justin\Desktop\images\06de9ebd-be39-4cc6-aea7-1d047ccf1a52.jpg</path>
	<source>
		<database>Unknown</database>
	</source>
	<size>
		<width>400</width>
		<height>533</height>
		<depth>3</depth>
	</size>
	<segmented>0</segmented>
	<object>
		<name>shirt</name>
		<pose>Unspecified</pose>
		<truncated>0</truncated>
		<difficult>0</difficult>
		<bndbox>
			<xmin>6</xmin>
			<ymin>113</ymin>
			<xmax>397</xmax>
			<ymax>477</ymax>
		</bndbox>
	</object>
</annotation>
