<annotation>
	<folder>images</folder>
	<filename>06e4b3cf-bb53-482a-98e3-a4cc0f470b2d.jpg</filename>
	<path>C:\Users\Justin\Desktop\images\06e4b3cf-bb53-482a-98e3-a4cc0f470b2d.jpg</path>
	<source>
		<database>Unknown</database>
	</source>
	<size>
		<width>400</width>
		<height>534</height>
		<depth>3</depth>
	</size>
	<segmented>0</segmented>
	<object>
		<name>shirt</name>
		<pose>Unspecified</pose>
		<truncated>1</truncated>
		<difficult>0</difficult>
		<bndbox>
			<xmin>1</xmin>
			<ymin>134</ymin>
			<xmax>400</xmax>
			<ymax>510</ymax>
		</bndbox>
	</object>
</annotation>
