<annotation>
	<folder>images</folder>
	<filename>04df942f-d19c-4abe-b917-9c348623b665.jpg</filename>
	<path>C:\Users\Justin\Desktop\images\04df942f-d19c-4abe-b917-9c348623b665.jpg</path>
	<source>
		<database>Unknown</database>
	</source>
	<size>
		<width>400</width>
		<height>533</height>
		<depth>3</depth>
	</size>
	<segmented>0</segmented>
	<object>
		<name>pants</name>
		<pose>Unspecified</pose>
		<truncated>0</truncated>
		<difficult>0</difficult>
		<bndbox>
			<xmin>70</xmin>
			<ymin>28</ymin>
			<xmax>324</xmax>
			<ymax>500</ymax>
		</bndbox>
	</object>
</annotation>
